,t_date,t_favorites,t_hashtags,t_id,t_mentions,t_retweets,t_text,t_url,w_authors,w_date,w_genre,w_id,w_link,w_show,w_tags_event,w_tags_location,w_tags_organization,w_tags_person,w_tags_section,w_tags_story_type,w_tags_topic,w_title
0,2015-06-27 14:49:14,814,FreeBree,614807708575907840,,1204,People tweet #FreeBree in support of the black woman who removed S.C.‚Äôs Confederate flag http://t.co/n2DtA16cRn http://t.co/fBNwMadfU6,http://t.co/n2DtA16cRn,"""John Walker""","""2015-06-27T14:47:10+00:00",story,157774,http://fusion.net/story/157774,,,"""USA""",,,"""News""",,,Woman arrested after removing South Carolina's Confederate flag
1,2015-07-08 15:05:41,785,,618798114825220097,,1010,We made a Chrome extension to add actual Donald Trump quotes to every mention of his name: http://t.co/HIaF9dt6RG http://t.co/WLHYGGABg7,http://t.co/HIaF9dt6RG,"""Patrick Hogan""","""2015-07-08T15:00:29+00:00",story,162656,http://fusion.net/story/162656,,,"""USA""",,"""Donald Trump""","""News""","""Interactives""","""Politics"",""US Politics""","We made a Chrome extension to add real, ridiculous Donald Trump quotes to every mention of his name"
2,2015-07-05 23:42:24,615,USA,617840986006401024,,444,"What's this dude's name?
RT for Dylan
FAV for Cody
#USA #FIFAWWC http://t.co/w7zW6IMnDY",,,,,,,,,,,,,,,
3,2015-07-18 20:55:24,351,,622509999277871104,,340,A 6-year-old totally owned the Financial Times over a Minecraft error http://t.co/dx3Px9vrbd http://t.co/GopotJnOLB,http://t.co/dx3Px9vrbd,"""Kevin Roose""","""2015-07-12T16:56:45+00:00",story,165400,http://fusion.net/story/165400,,,,,,"""News""",,"""minecraft""",A 6-year-old totally owned the Financial Times over a 'Minecraft' error
4,2015-07-11 17:55:35,197,,619928034959880192,,298,"Inside the moaning, dripping world of Minion porn http://t.co/dYSfCShSXa http://t.co/rIJCuWtd9V",http://t.co/dYSfCShSXa,"""Charles Pulliam-Moore""","""2015-07-08T17:50:39+00:00",story,162884,http://fusion.net/story/162884,,,,,,"""News""",,"""Movies"",""Sex"",""sexuality""","Inside the moaning, dripping world of Minion porn"
5,2015-07-01 14:55:58,149,,616258951219273728,,226,"WATCH: How black women experience police violence.
https://t.co/9eSknQHHD5",https://t.co/9eSknQHHD5,,,,,,,,,,,,,,
6,2015-06-25 05:55:17,118,,613948557859667968,,214,More Americans have been killed by white supremacists than Muslim extremists since 9/11 http://t.co/D90pXAHfn1 http://t.co/uvk5pve4JF,http://t.co/D90pXAHfn1,"""Nidhi Prakash""","""2015-06-24T15:45:11+00:00",story,155989,http://fusion.net/story/155989,,,,,,"""News""",,"""Crime"",""Terrorism"",""Racism""",Report: More Americans have been killed by white supremacists than Muslim extremists since 9\/11
7,2015-07-05 22:51:59,183,FIFAWWC,617828296433213440,,178,It seems Sepp Blatter found a way to watch #FIFAWWC final while still avoiding the U.S. government. Impressive. http://t.co/1quzEDzhy6,,,,,,,,,,,,,,,
8,2015-06-22 16:50:06,168,,613026185321144320,,121,"WATCH: Science says helping others makes humans happiest. 

üåüüî¨Thank you, Science!üî¨üåü
https://t.co/FlEK3wEea5",https://t.co/FlEK3wEea5,,,,,,,,,,,,,,
9,2015-06-28 17:06:12,83,,615204562715213824,,120,"Haiti just won a hockey world championship http://t.co/PwC4FmOoaF No, seriously! http://t.co/l4nOvoJwDF",http://t.co/PwC4FmOoaF,"""Tim Rogers""","""2015-06-28T16:51:01+00:00",story,157960,http://fusion.net/story/157960,,,"""Latin America"",""Haiti""",,,"""Latin America""",,,Haiti wins hockey world championship ... seriously
10,2015-07-01 05:25:20,48,,616115346622296064,,118,There are now more Spanish speakers in the U.S. than in Spain http://t.co/hR4TwMmliB http://t.co/veDgLzWBpQ,http://t.co/hR4TwMmliB,"""Casey Tolan""","""2015-06-30T14:11:19+00:00",story,158824,http://fusion.net/story/158824,,,,,,"""News""",,"""Language"",""Education"",""Latino""",There are now more Spanish speakers in the U.S. than in Spain
11,2015-07-05 23:27:31,149,USA,617837239314313216,,114,"Nice to see U.S. elected officials have made the trek up to Canada, but Joe Biden needs to calm down. #USA #FIFAWWC http://t.co/Os4tgTwKm4",,,,,,,,,,,,,,,
12,2015-07-15 15:04:23,121,ElChapo,621334501419954176,,113,"Former Mexican official says leaked intel may have caused #ElChapo's escape.
https://t.co/HzDlkSWq77",https://t.co/HzDlkSWq77,,,,,,,,,,,,,,
13,2015-06-24 22:01:29,90,,613829320822378496,,109,Trans woman interrupts Obama at White House LGBT reception http://t.co/FSeKfFBECr http://t.co/rSsXqX6PPs,http://t.co/FSeKfFBECr,"""Jorge Rivas""","""2015-06-24T21:57:00+00:00",story,156428,http://fusion.net/story/156428,,,"""White House""",,,"""Justice"",""News""",,"""LGBT"",""White House"",""Political Activism"",""Activism""",Trans woman interrupts Obama at White House LGBT reception
14,2015-08-09 03:55:10,68,,630225784356126720,vocativ,106,Hillary Clinton's mega-donors are also funding Jeb Bush http://t.co/S5uxpDOIz8 via @vocativ http://t.co/zFAXsSaZLY,http://t.co/S5uxpDOIz8,,,,,,,,,,,,,,
15,2015-06-26 20:40:44,110,,614533777159798784,atlasobscura,103,The first artifact recognizing same-sex relationships is 4500 years old http://t.co/tQvJcqBU1Z via @atlasobscura http://t.co/GrxwznHjdA,http://t.co/tQvJcqBU1Z,,,,,,,,,,,,,,
16,2015-06-20 04:55:11,69,,612121494232145920,,103,"Mexican lawmaker wants to fine people $1,600 for making offensive memes http://t.co/kVtiaIODCu http://t.co/pNUusy8Rcv",http://t.co/kVtiaIODCu,"""Rafa Fernandez De Castro""","""2015-06-19T19:26:34+00:00",story,153758,http://fusion.net/story/153758,,,"""Latin America""",,,"""Latin America""",,"""Mexico""","Mexican lawmaker wants to fine people $1,600 for making offensive memes"
17,2015-08-09 18:59:21,32,AmberMonroe,630453330825883648,,101,"Loved ones mourn #AmberMonroe, the 12th trans woman of color killed this year http://t.co/FYztYDDtMS http://t.co/sgmHPlvDDH",http://t.co/FYztYDDtMS,"""Molly McArdle""","""2015-08-09T18:54:46+00:00",story,180167,http://fusion.net/story/180167,,,"""Detroit"",""USA""",,,"""News"",""Justice""",,"""LGBT"",""Transgender""","Loved ones mourn Amber Monroe, the 12th trans woman of color killed this year"
18,2015-07-31 20:25:27,72,,627213503871479808,,97,"Dear NBC, BBC, CNN, and others: Mugshots are for criminals and murderers, not their victims http://t.co/LhcXz13kXm http://t.co/66apw3Mcck",http://t.co/LhcXz13kXm,"""Nidhi Prakash""","""2015-07-30T14:37:54+00:00",story,175341,http://fusion.net/story/175341,,,,,,"""News""",,"""police shooting"",""Crime"",""Media"",""Social Media""","Dear NBC, BBC, CNN, and others: Mugshots are for criminals and murderers, not their victims"
19,2015-07-15 21:25:39,57,,621430450825887744,TheNextWeb,97,This Vine from the Harvard Innovation Lab perfectly shows how much we now rely on apps https://t.co/ROa7MgGQOe via @TheNextWeb,https://t.co/ROa7MgGQOe,,,,,,,,,,,,,,
20,2015-07-12 13:28:40,48,,620223248328998912,,95,Here's how El Chapo (who escaped from prison Saturday) became the world‚Äôs biggest drug lord http://t.co/I8YrxE7ujB http://t.co/3yWDAE8rfA,http://t.co/I8YrxE7ujB,"""Fusion""","""2014-02-28T23:45:00+00:00",video,1888,http://fusion.net/video/1888,,,"""Mexico""",,"""Chapo Guzman""",,,"""Culture"",""Drug War"",""Drugs""",How El Chapo became the world's biggest drug lord
21,2015-07-11 17:19:10,106,,619918867981291520,,94,9 photos of Serena Williams slaying from day one http://t.co/2zgIAHQcxS http://t.co/qbqTHQWUBl,http://t.co/2zgIAHQcxS,"""John Walker""","""2015-07-11T17:15:39+00:00",story,165137,http://fusion.net/story/165137,,,"""Britain""",,,"""News""",,"""Tennis"",""Sports""",9 photos of Serena Williams slaying from day one
22,2015-06-12 17:55:31,70,,609418768578674688,,94,"How an unknown 25-year-old won an election spending $1,300 on Facebook promotion http://t.co/lH0kUnO5RY http://t.co/VMAJMvgFJs",http://t.co/lH0kUnO5RY,"""Rafa Fernandez De Castro""","""2015-06-11T21:59:48+00:00",story,149533,http://fusion.net/story/149533,,,"""Latin America"",""Mexico""",,,"""Latin America""",,"""Mexico"",""Politics""","How an unknown 25-year-old won an election spending $1,300 on Facebook promotion"
23,2015-07-30 23:25:21,68,,626896390980022273,,89,Of course The Simpsons predicted Donald Trump would be a terrible president 15 years ago http://t.co/Q068Mhs0GW http://t.co/rjUC8XgrRc,http://t.co/Q068Mhs0GW,"""David Matthews""","""2015-07-29T16:00:21+00:00",story,174809,http://fusion.net/story/174809,,,"""Washington""",,"""Donald Trump""","""News""",,"""2016 elections""","Of course, <i>The Simpsons<\/i> predicted Donald Trump would be a terrible president 15 years ago"
24,2015-08-05 04:25:23,105,,628783838190305280,,85,Now all major airlines are banning hunting trophies from their planes http://t.co/3mnKkGK2ux http://t.co/62H96dAO2B,http://t.co/3mnKkGK2ux,"""Rob Wile""","""2015-08-04T14:00:40+00:00",story,177337,http://fusion.net/story/177337,,,"""Zimbabwe""",,"""Cecil The Lion""","""News"",""Project Earth""",,"""Animals""",Now all major airlines are banning hunting trophies from their planes
25,2015-07-31 00:55:20,43,,626919036148957184,,84,"Dear NBC, BBC, CNN, and others: Mugshots are for criminals and murderers, not their victims http://t.co/LhcXz13kXm http://t.co/BVufyYg8eD",http://t.co/LhcXz13kXm,"""Nidhi Prakash""","""2015-07-30T14:37:54+00:00",story,175341,http://fusion.net/story/175341,,,,,,"""News""",,"""police shooting"",""Crime"",""Media"",""Social Media""","Dear NBC, BBC, CNN, and others: Mugshots are for criminals and murderers, not their victims"
26,2015-08-11 05:25:09,71,,630973202429288448,,83,These photos from a 1917 march for black lives show how little has changed in 98 years http://t.co/pf3AAp8sZJ http://t.co/5wrUH32waX,http://t.co/pf3AAp8sZJ,"""David Matthews""","""2015-07-28T17:34:47+00:00",story,173988,http://fusion.net/story/173988,,,"""New York City""","""NAACP""",,"""News""",,"""Protest"",""protests"",""History"",""Race and Racism"",""Race"",""Racism"",""Race Relations""",These photos from a march for black lives in 1917 show how little has changed in 98 years
27,2015-07-08 22:55:28,52,,618916339697217538,,83,California now has more Latinos than whites for the first time since it was part of Mexico http://t.co/YYxrUWAc1P http://t.co/XRSeyJp9sL,http://t.co/YYxrUWAc1P,"""Nidhi Prakash""","""2015-07-08T20:08:45+00:00",story,163253,http://fusion.net/story/163253,,,,,,"""News""",,"""Society"",""History"",""Latino""",California now has more Latinos than whites for the first time since it was part of Mexico
28,2015-06-26 14:40:29,37,,614443116989431808,,83,Clarence Thomas‚Äôs jaw-dropping gay marriage dissent: ‚ÄúSlaves did not lose their dignity.‚Äù http://t.co/YjBilRUCGg http://t.co/YMHBX57G9j,http://t.co/YjBilRUCGg,"""Charles Pulliam-Moore""","""2015-06-26T14:39:19+00:00",story,157284,http://fusion.net/story/157284,,,,,,"""News""",,"""Gay Marriage"",""Anti Gay Laws""",Clarence Thomas\u2019s jaw-dropping gay marriage dissent: 'Slaves did not lose their dignity.'
29,2015-07-30 14:41:32,78,,626764569600507904,,81,"Dear NBC, BBC, CNN, and others: Mugshots are for criminals and murderers, not their victims http://t.co/LhcXz13kXm http://t.co/iOay7ehz6N",http://t.co/LhcXz13kXm,"""Nidhi Prakash""","""2015-07-30T14:37:54+00:00",story,175341,http://fusion.net/story/175341,,,,,,"""News""",,"""police shooting"",""Crime"",""Media"",""Social Media""","Dear NBC, BBC, CNN, and others: Mugshots are for criminals and murderers, not their victims"
30,2015-06-27 19:25:54,76,FreeBree,614877330025119744,,81,7 things you need to know about Confederate flag-slayer Bree Newsome (aka #FreeBree) http://t.co/3FQswqtHYe http://t.co/iryzeyxbXj,http://t.co/3FQswqtHYe,,,,,,,,,,,,,,
31,2015-07-30 12:25:59,49,,626730454272593921,,80,Of course The Simpsons predicted Donald Trump would be a terrible president 15 years ago http://t.co/Q068Mhs0GW http://t.co/Nc0naEJ3Es,http://t.co/Q068Mhs0GW,"""David Matthews""","""2015-07-29T16:00:21+00:00",story,174809,http://fusion.net/story/174809,,,"""Washington""",,"""Donald Trump""","""News""",,"""2016 elections""","Of course, <i>The Simpsons<\/i> predicted Donald Trump would be a terrible president 15 years ago"
32,2015-07-14 19:55:44,26,,621045435680059392,,80,"Jorge Ramos on undocumented immigrants: Enough with the myths, insults and nonsense http://t.co/XuVP2RaQXe http://t.co/BT15za9ipB",http://t.co/XuVP2RaQXe,"""Jorge Ramos""","""2015-07-14T17:21:46+00:00",story,166787,http://fusion.net/story/166787,AMERICA with Jorge Ramos,"""Elections 2016""","""USA""",,"""latinos""",,"""Opinion""","""Undocumented Immigrants"",""Crime"",""Elections"",""Immigration""","Jorge Ramos: Enough with the myths, insults and nonsense"
33,2015-07-12 16:13:08,76,,620264640715587588,,79,"Fusion's documentary ""El Chapo: CEO of Crime"" will air tonight at 8pm. Where to watch: http://t.co/ORjpPkxF17 http://t.co/cFsUpy2LDq",http://t.co/ORjpPkxF17,,,,,,,,,,,,,,
34,2015-08-01 14:35:58,24,,627487943914049536,,78,Texas man Jesse Jacobs dies in police custody after being denied medication http://t.co/CuV4GRJ7MK http://t.co/xGbj6IcsnP,http://t.co/CuV4GRJ7MK,"""John Walker""","""2015-08-01T14:34:28+00:00",story,176296,http://fusion.net/story/176296,,,"""Texas""",,,"""News"",""Justice""",,"""police""",Texas man dies in police custody after he was reportedly denied medication
35,2015-06-26 19:00:54,116,,614508651156537344,,74,We replaced everyone‚Äôs Confederate Flag with a gay pride one http://t.co/hGAtfDqgSL http://t.co/WyNoELAJs9,http://t.co/hGAtfDqgSL,"""Rob Wile"",""Elena Scotti""","""2015-06-26T18:54:04+00:00",story,157504,http://fusion.net/story/157504,,,,,,"""News"",""Justice""",,"""Gay Marriage"",""Confederate Flag""",We replaced everyone's Confederate flag with a gay pride one
36,2015-07-12 20:26:35,48,,620328420984127488,,72,This is the second time El Chapo has escaped from prison. http://t.co/dNcVkRZlZv http://t.co/u081IxzYhR,http://t.co/dNcVkRZlZv,"""Rafa Fernandez De Castro""","""2015-07-12T14:09:41+00:00",story,165353,http://fusion.net/story/165353,,,"""Latin America""",,"""Chapo Guzman""","""Latin America""",,"""Mexico"",""Drug War"",""Drugs""","El Chapo, Mexico's most notorious drug lord, has escaped from prison again"
37,2015-06-17 21:27:33,54,,611284068949491713,,72,Utah Valley University creates a ‚Äútexting lane‚Äù for busy staircase http://t.co/PppOEJWeVN http://t.co/V2dLGIbjVd,http://t.co/PppOEJWeVN,"""Michael Rosen""","""2015-06-16T18:56:57+00:00",story,151355,http://fusion.net/story/151355,,,"""USA""",,,"""News"",""Real Future""",,"""College"",""College Life""",Utah Valley University creates a 'texting lane' for busy staircase
38,2015-07-06 16:35:01,70,,618095820576038912,,70,"""I was born a bitch. I was born a painter."" Happy Birthday to Frida Kahlo, one of the baddest of them all. http://t.co/anUtEJHrKl",,,,,,,,,,,,,,,
39,2015-07-09 03:25:19,57,,618984249677496321,,68,California now has more Latinos than whites for the first time since it was part of Mexico http://t.co/aBQv3z5xdc http://t.co/lnVdWJ9WYv,http://t.co/aBQv3z5xdc,"""Nidhi Prakash""","""2015-07-08T20:08:45+00:00",story,163253,http://fusion.net/story/163253,,,,,,"""News""",,"""Society"",""History"",""Latino""",California now has more Latinos than whites for the first time since it was part of Mexico
40,2015-06-16 16:07:44,26,,610841197318406144,,66,Pocket guide: Here‚Äôs where Donald Trump stands on key issues http://t.co/Jt0ZYK5ydY http://t.co/dKJZw127nB,http://t.co/Jt0ZYK5ydY,"""Casey Tolan""","""2015-06-16T16:04:31+00:00",story,151243,http://fusion.net/story/151243,,"""2016 Republican Primary"",""Elections 2016""",,,"""Donald Trump""","""News""",,"""Politics""",Pocket guide: Here\u2019s where Donald Trump stands on key issues
41,2015-07-22 04:55:14,35,,623717918396805121,,64,Prosecutor who called Sandra Bland an ‚Äòit‚Äô has been accused of racism before http://t.co/EGLzAH3JuM http://t.co/DHxKLj1r0G,http://t.co/EGLzAH3JuM,"""Collier Meyerson""","""2015-07-21T17:28:40+00:00",story,170375,http://fusion.net/story/170375,,,,,,"""Justice""",,"""Racism"",""Race and Racism"",""police brutality""",Prosecutor who called Sandra Bland an \u2018it\u2019 has been accused of racism before
42,2015-07-18 10:55:24,33,,622359005185318912,,64,"Why is the same agency that arrested Sandra Bland investigating her death, too? http://t.co/119tz8jVUT http://t.co/n8PwsR5c8W",http://t.co/119tz8jVUT,"""Collier Meyerson"",""Casey Tolan""","""2015-07-16T20:16:31+00:00",story,168362,http://fusion.net/story/168362,,,"""Texas""",,,"""Justice""",,"""Race and Racism"",""Race"",""Law""","Why is the same agency that arrested Sandra Bland investigating her death, too?"
43,2015-07-12 14:22:24,28,,620236771272585220,,64,"Narco lord ""El Chapo"" Guzman tunnels to freedom, mocking Mexican justice http://t.co/WtYP2E5BC3 http://t.co/rMwRQQKgbM",http://t.co/WtYP2E5BC3,"""Rafa Fernandez De Castro""","""2015-07-12T14:09:41+00:00",story,165353,http://fusion.net/story/165353,,,"""Latin America""",,"""Chapo Guzman""","""Latin America""",,"""Mexico"",""Drug War"",""Drugs""","El Chapo, Mexico's most notorious drug lord, has escaped from prison again"
44,2015-06-22 03:56:37,61,,612831531271385088,,64,It only took 17 hours for Apple to admit Taylor Swift was right about not paying artists: http://t.co/pfSakUPNxj http://t.co/gdDZo23TVB,http://t.co/pfSakUPNxj,"""Rob Wile""","""2015-06-22T03:53:49+00:00",story,154448,http://fusion.net/story/154448,,,,,,,"""Blog""","""Music""",It only took 17 hours for Apple to admit Taylor Swift was right about not paying artists
45,2015-06-18 21:26:13,108,InsideOut,611646121476108289,,63,"Inside the Minds Behind Pixar‚Äôs #InsideOut http://t.co/3OE2Dt60jC
https://t.co/A2tFCoA3qc",http://t.co/3OE2Dt60jC,"""Michelle Nash"",""Miguel Endara"",""Paul Lasseter""","""2015-06-18T20:15:58+00:00",video,151853,http://fusion.net/video/151853,,"""Inside Out""",,"""Pixar"",""ABC"",""Disney""",,,"""Video""","""Movies"",""Animation"",""Culture"",""Entertainment"",""Mental health"",""Psychology"",""Health""",How the makers of Pixar's 'Inside Out' figured out how to think like a tween
46,2015-08-02 03:55:11,28,,627689071129821184,,62,Native American activist found dead in jail just one day after Sandra Bland http://t.co/uHDAdrm60W http://t.co/oa1PWDqdkm,http://t.co/uHDAdrm60W,"""Jorge Rivas""","""2015-07-27T14:30:09+00:00",story,173234,http://fusion.net/story/173234,,,,,,"""Justice"",""News""",,"""Native American"",""police""",Native American activist found dead in jail just one day after Sandra Bland
47,2015-08-02 05:55:13,83,,627719278410747904,,61,We built a Twitter bot that corrects people who say ‚Äòillegal immigrant‚Äô http://t.co/c1CCsz1xYg http://t.co/Mxbe3FibrN,http://t.co/c1CCsz1xYg,"""Patrick Hogan"",""Jorge Rivas""","""2015-07-28T15:17:13+00:00",story,165089,http://fusion.net/story/165089,,,,,,"""Justice"",""Real Future"",""News""",,"""Immigration Reform"",""Undocumented Immigrants""",We built a Twitter bot that corrects people who say 'illegal immigrant\u2019
48,2015-07-31 10:55:32,17,,627070079906283522,,58,Chicago police shot a teenager 16 times ‚Äì why haven‚Äôt we seen the body-cam footage yet? http://t.co/xwN8NbP9Cz http://t.co/wg3rt9Fr5K,http://t.co/xwN8NbP9Cz,"""Sujay Kumar""","""2015-07-30T18:00:56+00:00",story,175566,http://fusion.net/story/175566,,,"""Chicago""",,,"""Justice""",,"""police shooting"",""blacklivesmatter"",""guns""",What about the Laquan McDonald police shooting video?
49,2015-08-07 02:39:43,105,,629482021132185600,,56,This debate has been stranger and more confusing than True Detective Season 2,,,,,,,,,,,,,,,
50,2015-07-12 17:01:36,40,,620276837248335872,Minecraft,55,A 6-year-old totally owned the Financial Times over a @Minecraft error http://t.co/76aJTtuINs http://t.co/W8oAWTXlXw,http://t.co/76aJTtuINs,"""Kevin Roose""","""2015-07-12T16:56:45+00:00",story,165400,http://fusion.net/story/165400,,,,,,"""News""",,"""minecraft""",A 6-year-old totally owned the Financial Times over a 'Minecraft' error
51,2015-06-23 18:39:48,22,,613416180053843968,,55,Help us map the last remaining monuments of the Confederacy: http://t.co/45cIAaaAiV http://t.co/Zu26h6pYyv,http://t.co/45cIAaaAiV,"""Patrick Hogan""","""2015-06-23T17:56:09+00:00",story,155373,http://fusion.net/story/155373,,,"""USA""",,,"""News""",,,Help us map the last remaining monuments of the Confederacy
52,2015-07-06 01:00:30,70,USA,617860639420235776,AbbyWambach,54,.@AbbyWambach is riding out like a boss! #USA #FIFAWWC http://t.co/YKi30JntZL,,,,,,,,,,,,,,,
53,2015-07-22 12:25:32,53,AllLivesMatter,623831241318617088,,53,The next time someone says #AllLivesMatter show them these 5 paragraphs: http://t.co/bLISrwMVmG http://t.co/ZnKxD9n77u,http://t.co/bLISrwMVmG,"""Kevin Roose""","""2015-07-21T20:06:46+00:00",story,170591,http://fusion.net/story/170591,,,,,,"""News""",,"""blacklivesmatter""","The next time someone says 'all lives matter,' show them these 5 paragraphs"
54,2015-06-15 14:02:39,190,OITNB,610447330572136448,MattMcGorry,53,We talked to #OITNB and #HTGAWM star @MattMcGorry about diversity and women http://t.co/cqzi555KMB http://t.co/lNnkCnimBb,http://t.co/cqzi555KMB,"""Akilah Hughes""","""2015-06-15T13:51:40+00:00",video,150134,http://fusion.net/video/150134,,,,"""Netflix""",,,"""Video""","""Feminism"",""Entertainment"",""TV"",""Politics"",""Activism""",Orange Is The New Black's Matt McGorry talks being a white dude on TV shows with diverse casts
55,2015-06-29 21:55:19,44,,615639709025464320,BreeNewsome,52,.@BreeNewsome on removing the Confederate flag: ‚ÄòI did it because I am free‚Äô http://t.co/4AXYyUZzR7 http://t.co/8aaWcwpxDA,http://t.co/4AXYyUZzR7,"""John Walker""","""2015-06-29T21:49:07+00:00",story,158567,http://fusion.net/story/158567,,,"""South Carolina"",""USA""",,"""Bree Newsome""","""News""",,"""Race and Racism"",""Confederate Flag""",Bree Newsome on removing the Confederate flag: 'I did it because I am free'
56,2015-08-01 10:55:18,26,,627432410616102912,,50,The first mention of Donald Trump in the New York Times was‚Ä¶not good http://t.co/FVvLWexAfl http://t.co/oe09rIFEtW,http://t.co/FVvLWexAfl,"""David Matthews""","""2015-07-31T15:43:26+00:00",story,175960,http://fusion.net/story/175960,,,,,"""Donald Trump""","""News""",,"""Media"",""History"",""Newspapers""",The first mention of Donald Trump in the New York Times was...not good
57,2015-07-05 20:21:22,27,greekreferendum,617790392252112897,,50,"Greece votes ""No"" on referendum, and possibly the eurozone as well http://t.co/HPs8LgOuY0 #greekreferendum http://t.co/ARZif1BK48",http://t.co/HPs8LgOuY0,"""Felix Salmon"",""John Walker""","""2015-07-05T20:16:52+00:00",story,161425,http://fusion.net/story/161425,,,"""Greece""",,,"""News""",,"""Economy""","Greece votes 'No' on referendum, and possibly the eurozone as well"
58,2015-06-30 01:55:15,63,,615700090871787520,,50,Mexican woman says Jesus appeared to her in a tortilla: http://t.co/5zVr9BhwIG http://t.co/03qnnCdmN8,http://t.co/5zVr9BhwIG,"""Tania Miranda""","""2015-06-29T15:20:24+00:00",story,158170,http://fusion.net/story/158170,,,"""Latin America""",,,"""Latin America""",,"""Mexico"",""Religion""",Mexican woman says Jesus appeared to her in a tortilla
59,2015-07-18 23:55:17,40,,622555269353107457,,48,The immigrant artist behind the Donald Trump buttplug has no plans to stop there http://t.co/STYz6v1CER http://t.co/pOpc7pTgrx,http://t.co/STYz6v1CER,"""Charles Pulliam-Moore""","""2015-07-15T20:17:44+00:00",story,167543,http://fusion.net/story/167543,,,,,"""Donald Trump""","""News""",,"""Politics"",""Sex""",The immigrant artist behind the Donald Trump buttplug has no plans to stop there
60,2015-06-17 16:41:53,15,,611212178306285569,,48,Calls are mounting for a tourism boycott of the Dominican Republic http://t.co/JkVVjEBcTX http://t.co/9lZDKMwzsq,http://t.co/JkVVjEBcTX,"""Daniel Rivero""","""2015-06-17T16:12:03+00:00",story,151991,http://fusion.net/story/151991,,,,,,"""Justice""",,"""Race"",""Race Relations"",""Immigration"",""Undocumented Immigrants""",Calls are mounting for a tourism boycott of the Dominican Republic
61,2015-06-22 03:39:16,44,,612827163407044608,,47,South Carolinians on why the Confederate flag must be taken down: http://t.co/In2mxUww1M http://t.co/s2OstsfBnb,http://t.co/In2mxUww1M,"""Jonathan Sharpe""","""2015-06-22T02:41:16+00:00",story,154413,http://fusion.net/story/154413,,,,,,"""News"",""Justice""",,,South Carolinians on why the Confederate flag must be taken down
62,2015-08-07 02:44:35,57,GOPDebate,629483244971425792,,46,What we haven't heard about thus far in tonight's #GOPDebate: Veterans. #BlackLivesMatter. Student debt. What else?,,,,,,,,,,,,,,,
63,2015-07-17 11:55:31,15,,622011748330115072,,46,"Why is the same agency that arrested Sandra Bland investigating her death, too? http://t.co/k9iCwPFQll http://t.co/1ipIX0oLAa",http://t.co/k9iCwPFQll,"""Collier Meyerson"",""Casey Tolan""","""2015-07-16T20:16:31+00:00",story,168362,http://fusion.net/story/168362,,,"""Texas""",,,"""Justice""",,"""Race and Racism"",""Race"",""Law""","Why is the same agency that arrested Sandra Bland investigating her death, too?"
64,2015-07-08 03:21:41,52,,618620947113865216,,46,The beatbox showdown to end all beatbox showdowns is here and you should watch it (again) rn: http://t.co/mgJus5jOLR http://t.co/suMaxupE3O,http://t.co/mgJus5jOLR,"""Michael Rosen""","""2015-07-08T00:11:59+00:00",story,162793,http://fusion.net/story/162793,,,"""USA""",,,"""News""",,"""Music"",""internet""",I literally died and went to heaven after watching this father-daughter beatbox showdown
65,2015-07-02 18:55:40,28,,616681662575976449,,46,What to do about white culture's thug youth? http://t.co/QKOHdtw3XO http://t.co/ychpxp519y,http://t.co/QKOHdtw3XO,,,,,,,,,,,,,,
66,2015-08-06 20:11:02,19,,629384204845887488,thescienceofus,45,"White kids get medicated when they misbehave, black kids get arrested http://t.co/Tgzk5GSudK via @thescienceofus http://t.co/2qXpdXzEb4",http://t.co/Tgzk5GSudK,,,,,,,,,,,,,,
67,2015-07-28 10:55:32,28,,625982919664902144,,45,How the media covered major race riots 96 years ago http://t.co/dLk06h1Bfw http://t.co/fzQpxMYBIG,http://t.co/dLk06h1Bfw,"""David Matthews""","""2015-07-27T17:59:10+00:00",story,173410,http://fusion.net/story/173410,,,"""Chicago""",,,"""News""",,"""History"",""Race"",""Race Relations"",""Race and Racism""",How the media covered major race riots 96 years ago
68,2015-07-06 15:40:54,68,,618082201033424896,,45,Dalai Lama celebrates 80th birthday with three-day party in Anaheim http://t.co/kINgQsLTwh http://t.co/LnQPfb2JWz,http://t.co/kINgQsLTwh,"""Nidhi Prakash""","""2015-07-06T14:22:40+00:00",story,161516,http://fusion.net/story/161516,,,,,,"""News""",,"""World"",""Religion"",""Politics""",Dalai Lama celebrates 80th birthday with three-day party in Anaheim
69,2015-06-26 15:09:41,34,,614450464235646976,,45,Everyone needs to read Justice Kennedy‚Äôs beautiful defense of gay marriage: http://t.co/3xfLmJ4usZ http://t.co/L91EqvPu5r,http://t.co/3xfLmJ4usZ,"""Danielle Wiener-Bronner""","""2015-06-26T15:08:00+00:00",story,157312,http://fusion.net/story/157312,,,,,,"""News""",,"""Gay"",""Gay Marriage"",""LGBT""",Everyone needs to read Justice Kennedy\u2019s beautiful defense of gay marriage
70,2015-06-24 03:25:20,27,,613548434365267968,,44,People are tagging Confederate statues across the country with ‚ÄúBlack Lives Matter‚Äù http://t.co/buQpBxugvs http://t.co/Ylf5PHzcb9,http://t.co/buQpBxugvs,"""Nidhi Prakash""","""2015-06-23T18:59:29+00:00",story,155523,http://fusion.net/story/155523,,,,,,"""News""",,"""Race"",""History"",""Graffiti""",People are tagging Confederate statues across the country with \u201cBlack Lives Matter\u201d
71,2015-06-12 16:00:35,24,AskRachel,609389846231150592,,44,Black Twitter has some questions for the woman who has been passing for black: http://t.co/MSUvzAlDKj #AskRachel http://t.co/hXBEtRB6D0,http://t.co/MSUvzAlDKj,"""Collier Meyerson""","""2015-06-12T15:57:47+00:00",story,149749,http://fusion.net/story/149749,,,,,,"""News""",,,Black Twitter has some questions for the woman who has been passing for black
72,2015-07-20 22:40:38,12,,623261258645684224,vocativ,43,Texas is denying birth certificates to kids of undocumented parents http://t.co/7BP03kVRU0 via @vocativ http://t.co/WxxAfET4Vn,http://t.co/7BP03kVRU0,,,,,,,,,,,,,,
73,2015-07-12 18:49:16,29,,620303932976431104,,43,El Chapo‚Äôs prison break has become major meme fodder because internet http://t.co/UQ4ftJqixq http://t.co/b1SJFHMPmR,http://t.co/UQ4ftJqixq,"""John Walker""","""2015-07-12T18:47:10+00:00",story,165424,http://fusion.net/story/165424,,,"""Mexico"",""Latin America""",,"""Donald Trump"",""Chapo Guzman""","""Latin America"",""News""",,,El Chapo's prison break becomes meme fodder because internet
74,2015-06-30 11:55:32,33,,615851157206994944,,43,Young Africans fed up with media stereotypes are tweeting powerful images of their real lives http://t.co/mVqfxSP6Zn http://t.co/3FekJTZZGm,http://t.co/mVqfxSP6Zn,"""Nidhi Prakash""","""2015-06-29T22:16:14+00:00",story,158382,http://fusion.net/story/158382,,,,,,"""News""",,"""World"",""Travel"",""Media"",""Social Media""",Young Africans fed up with media stereotypes are tweeting powerful images of their real lives
75,2015-06-27 21:55:26,21,,614914964294344704,,43,Zara stores in NYC accused of discriminating against black employees and customers http://t.co/zwnlf1lTxL http://t.co/rfRj1JOsdn,http://t.co/zwnlf1lTxL,"""Danielle Wiener-Bronner""","""2015-06-23T21:02:30+00:00",story,155664,http://fusion.net/story/155664,,,,,,"""News""",,,Zara stores in NYC accused of discriminating against black employees and customers
76,2015-06-14 20:35:25,26,,610183785422974976,,43,"10,000 people marched against a private Chinese canal project in Nicaragua this weekend http://t.co/C0afRNbrLp http://t.co/7w03DsbLCX",http://t.co/C0afRNbrLp,"""Wilfredo Miranda""","""2015-06-14T17:18:24+00:00",story,150338,http://fusion.net/story/150338,,,"""Latin America"",""Nicaragua""",,,"""Latin America""",,"""protests"",""Environment""",Nicaraguan campesinos tell Ortega to take his canal and shove it
77,2015-07-28 03:55:18,15,,625877164123127808,,41,Native American activist found dead in jail just one day after Sandra Bland http://t.co/LtXgWPgZGw http://t.co/ONoOwHw73A,http://t.co/LtXgWPgZGw,"""Jorge Rivas""","""2015-07-27T14:30:09+00:00",story,173234,http://fusion.net/story/173234,,,,,,"""Justice"",""News""",,"""Native American"",""police""",Native American activist found dead in jail just one day after Sandra Bland
78,2015-07-05 23:06:56,44,USA,617832058472263681,,39,That didn't take long. #USA captain Carli Lloyd doesn't waste time. She's done this twice. It's 2-0. #FIFAWWC http://t.co/65PgcFNXFW,,,,,,,,,,,,,,,
79,2015-06-19 12:25:30,34,Prattkeeping,611872431985295360,,39,"Zookeepers are posting pictures of themselves #Prattkeeping, inspired by Jurassic World http://t.co/1BB5UWLM5Z http://t.co/DmiIuz0TMX",http://t.co/1BB5UWLM5Z,"""Akilah Hughes""","""2015-06-17T17:14:26+00:00",story,152063,http://fusion.net/story/152063,,,,,,,"""Blog""","""Movies"",""Web Trends"",""Viral"",""Viral Trending"",""Art"",""internet"",""Entertainment""","Zookeepers are posting pictures of themselves 'Prattkeeping,' inspired by Jurassic World"
80,2015-08-05 02:55:21,36,ILookLikeAnEngineer,628761179880562688,,38,#ILookLikeAnEngineer is challenging stereotypes of race and gender in tech http://t.co/R6Z7bFtVcg http://t.co/EJm2H04wEz,http://t.co/R6Z7bFtVcg,"""Kristen V. Brown""","""2015-08-04T17:17:37+00:00",story,177427,http://fusion.net/story/177427,,,"""Silicon Valley""",,,"""Real Future""",,"""Technology"",""Women""",The #iLookLikeAnEngineer hashtag is challenging Silicon Valley stereotypes
81,2015-06-29 23:55:18,6,,615669905376063489,,38,At least 6 black churches have burned since the Charleston shooting http://t.co/oVl86wvRH5,http://t.co/oVl86wvRH5,"""John Walker""","""2015-06-28T23:22:53+00:00",story,157954,http://fusion.net/story/157954,,,"""USA""",,"""David Beckham""","""News""",,"""Race and Racism""",At least 6 black churches have burned since the Charleston shooting
82,2015-07-22 03:10:10,20,,623691479236653056,,37,"‚ÄúI am getting removed from my vehicle for failure to signal,‚Äù Bland says repeatedly, in disbelief. https://t.co/umumf96HgS",https://t.co/umumf96HgS,,,,,,,,,,,,,,
83,2015-07-16 04:55:24,54,GrowingUpBlack,621543634165460992,,37,"White folks tried to steal #GrowingUpBlack‚Äôs thunder, but Black Twitter wasn‚Äôt having it http://t.co/Om0F1xPu4C http://t.co/66ynQW6y3H",http://t.co/Om0F1xPu4C,"""Charles Pulliam-Moore""","""2015-07-15T16:25:15+00:00",story,167382,http://fusion.net/story/167382,,,,,,"""News""",,"""Race Relations"",""Race"",""Black Twitter""","White folks tried to steal #GrowingUpBlack\u2019s thunder, but Black Twitter wasn\u2019t having it"
84,2015-07-16 00:55:24,39,,621483235265146880,,37,The immigrant artist behind the Donald Trump buttplug has no plans to stop there http://t.co/6Njvzbgd3O http://t.co/muVWpa4akB,http://t.co/6Njvzbgd3O,"""Charles Pulliam-Moore""","""2015-07-15T20:17:44+00:00",story,167543,http://fusion.net/story/167543,,,,,"""Donald Trump""","""News""",,"""Politics"",""Sex""",The immigrant artist behind the Donald Trump buttplug has no plans to stop there
85,2015-07-01 12:55:36,23,,616228662380249088,,37,"The tragedy of Puerto Rico, America‚Äôs very own Greece http://t.co/sPVCWb4qEM http://t.co/Gf1O2jei0w",http://t.co/sPVCWb4qEM,"""Felix Salmon""","""2015-06-30T21:24:52+00:00",story,159325,http://fusion.net/story/159325,,,"""Puerto Rico""",,,"""News"",""Latin America""",,"""Economy""","The tragedy of Puerto Rico, America's very own Greece"
86,2015-06-29 22:27:45,59,TheAfricaTheMediaNeverShowsYou,615647873556873217,,37,Finding #TheAfricaTheMediaNeverShowsYou on Twitter: http://t.co/mVqfxT6HQV http://t.co/nqDblEXOTl,http://t.co/mVqfxT6HQV,"""Nidhi Prakash""","""2015-06-29T22:16:14+00:00",story,158382,http://fusion.net/story/158382,,,,,,"""News""",,"""World"",""Travel"",""Media"",""Social Media""",Young Africans fed up with media stereotypes are tweeting powerful images of their real lives
87,2015-06-25 12:36:50,23,,614049609959215105,,37,"Stanford scientists are very, very confident that we‚Äôre about to enter a mass extinction http://t.co/Bm3dafYdaP http://t.co/wXkXI3gImM",http://t.co/Bm3dafYdaP,"""Danielle Wiener-Bronner""","""2015-06-25T11:55:15+00:00",story,156523,http://fusion.net/story/156523,,,,,,"""News""",,"""Science"",""biodiversity"",""extinction""","Stanford scientists are very, very confident that we're about to enter a mass extinction"
88,2015-06-17 20:20:29,21,,611267188159328256,,37,Mark Zuckerberg just announced he‚Äôll pay for hundreds of undocumented students to go to college http://t.co/dCqEvlHPQo,http://t.co/dCqEvlHPQo,"""Rob Wile""","""2015-06-17T18:02:22+00:00",story,152186,http://fusion.net/story/152186,,,,,,"""News""","""Blog""","""Immigration"",""Education""",Mark Zuckerberg just announced he'll pay for hundreds of undocumented students to go to college
89,2015-08-04 21:25:25,35,,628678148029345794,,36,"Kelly Osbourne tries to call out Donald Trump for being racist, says something racist http://t.co/eY1pKZDTnN http://t.co/69qnB8lApf",http://t.co/eY1pKZDTnN,"""Michael Rosen""","""2015-08-04T21:05:00+00:00",story,177770,http://fusion.net/story/177770,,,"""USA""",,"""Donald Trump""","""News""",,"""Immigration"",""2016 elections""","Kelly Osbourne tries to call out Donald Trump for being racist, says something racist"
90,2015-08-01 16:55:28,22,,627523049408045058,,36,Of course The Simpsons predicted Donald Trump would be a terrible president 15 years ago http://t.co/MyaYhVgTHq http://t.co/1XvHdjOM98,http://t.co/MyaYhVgTHq,"""David Matthews""","""2015-07-29T16:00:21+00:00",story,174809,http://fusion.net/story/174809,,,"""Washington""",,"""Donald Trump""","""News""",,"""2016 elections""","Of course, <i>The Simpsons<\/i> predicted Donald Trump would be a terrible president 15 years ago"
91,2015-07-25 12:55:30,34,,624925946206941184,,36,"The WWE may have fired Hulk Hogan, but it‚Äôs still racist as hell http://t.co/vpd9h1pBwC http://t.co/NYgf4uhP12",http://t.co/vpd9h1pBwC,"""Rob Wile""","""2015-07-24T17:26:51+00:00",story,172535,http://fusion.net/story/172535,,,,"""WWE""","""Hulk Hogan"",""Vince McMahon""","""News""",,"""Wrestling""","The WWE may have fired Hulk Hogan, but it's still racist as hell"
92,2015-08-08 22:39:08,22,ChristianTaylor,630146252706041856,,35,"Friends and family mourn unarmed teen #ChristianTaylor, who was killed by police Friday http://t.co/HCmODnVObF http://t.co/XVfasDAzti",http://t.co/HCmODnVObF,"""Molly McArdle""","""2015-08-08T22:36:24+00:00",story,180138,http://fusion.net/story/180138,,,"""Texas"",""USA""",,,"""News"",""Justice""",,"""blacklivesmatter"",""police shooting"",""police""",Unarmed black teen Christian Taylor killed by white police trainee
93,2015-07-28 23:25:26,40,,626171636161638400,,35,We built a Twitter bot that corrects people who say ‚Äòillegal immigrant‚Äô http://t.co/HHNNtxYCT2 http://t.co/9MjVUTpt1k,http://t.co/HHNNtxYCT2,"""Patrick Hogan"",""Jorge Rivas""","""2015-07-28T15:17:13+00:00",story,165089,http://fusion.net/story/165089,,,,,,"""Justice"",""Real Future"",""News""",,"""Immigration Reform"",""Undocumented Immigrants""",We built a Twitter bot that corrects people who say 'illegal immigrant\u2019
94,2015-07-11 11:55:24,19,,619837391440846848,,35,California now has more Latinos than whites for the first time since it was part of Mexico http://t.co/fFbRV51fJa http://t.co/VPaZ443MGq,http://t.co/fFbRV51fJa,"""Nidhi Prakash""","""2015-07-08T20:08:45+00:00",story,163253,http://fusion.net/story/163253,,,,,,"""News""",,"""Society"",""History"",""Latino""",California now has more Latinos than whites for the first time since it was part of Mexico
95,2015-07-06 10:55:35,39,,618010396931280896,,35,Cuba is the first country to end mother-to-child HIV and syphilis transmission http://t.co/DJRqbx5YLp http://t.co/FWEPwXNxb5,http://t.co/DJRqbx5YLp,"""Kevin Gray""","""2015-06-30T23:12:03+00:00",story,159376,http://fusion.net/story/159376,,,"""Latin America""",,,"""Latin America""",,,Cuba is the first country to end mother-to-child HIV and syphilis transmission
96,2015-07-01 05:55:15,31,,616122878170411008,,35,NASA found a pyramid in outer space and nobody knows how it got there http://t.co/sLTCS3qC6o http://t.co/IyPjGATYj1,http://t.co/sLTCS3qC6o,"""Danielle Wiener-Bronner""","""2015-06-30T11:00:42+00:00",story,158684,http://fusion.net/story/158684,,,,,,"""News""",,"""space""",NASA found a pyramid in outer space and nobody knows how it got there
97,2015-06-28 23:55:19,47,,615307519645380609,,35,We replaced everyone‚Äôs Confederate Flag with a gay pride one http://t.co/jhC4wUO7Xy http://t.co/PFGfAGHnRF,http://t.co/jhC4wUO7Xy,"""Rob Wile"",""Elena Scotti""","""2015-06-26T18:54:04+00:00",story,157504,http://fusion.net/story/157504,,,,,,"""News"",""Justice""",,"""Gay Marriage"",""Confederate Flag""",We replaced everyone's Confederate flag with a gay pride one
98,2015-06-27 22:05:09,36,TransMarch,614917410043371521,,35,Oakland scouts join the #TransMarch in solidarity with the Bay Area's transgender community http://t.co/LWEG2kHwcP http://t.co/xG7n3uF9nm,http://t.co/LWEG2kHwcP,"""John Walker""","""2015-06-27T21:56:13+00:00",story,157851,http://fusion.net/story/157851,,,"""California"",""USA""",,,"""News""",,"""protests"",""LGBT"",""Transgender"",""Girls"",""Women""",Oakland scouts march in solidarity with the Bay Area's transgender community
99,2015-06-16 18:59:11,34,,610884343905521664,,35,Utah Valley University creates a ‚Äútexting lane‚Äù for busy staircase http://t.co/i9G1wcvLCC http://t.co/9cSjDSEy9W,http://t.co/i9G1wcvLCC,"""Michael Rosen""","""2015-06-16T18:56:57+00:00",story,151355,http://fusion.net/story/151355,,,"""USA""",,,"""News"",""Real Future""",,"""College"",""College Life""",Utah Valley University creates a 'texting lane' for busy staircase
